<?xml version="1.0" encoding="UTF-8"?>
<configuration>

    <property name="LogDirectory" value="./logs" />
    <property name="LogFile" value="resttemplateclient.log" />

    <appender name="Console"
        class="ch.qos.logback.core.ConsoleAppender">
        <layout class="ch.qos.logback.classic.PatternLayout">
            <Pattern>
                %highlight(%-5level) [%blue(%t)] %yellow(%C{1.}): %msg%n%throwable
            </Pattern>
        </layout>
    </appender>
    
   <appender name="File" class="ch.qos.logback.core.FileAppender">
        <File>${LogDirectory}/${LogFile}</File>
        <encoder>
             <pattern>%d{yyyy-MM-dd HH:mm:ss} - %logger{36} - %msg%n</pattern>
        </encoder>
    </appender>     
    
    
    <!-- Set LOG level for entire framework -->
    <root level="info">
        <appender-ref ref="Console" />
        <appender-ref ref="File" />
    </root>

    <!-- Set LOG level for a specific package -->
    <logger name="com.workshop" level="info" additivity="false">
        <appender-ref ref="Console" />
        <appender-ref ref="File" />
    </logger>

</configuration>